name,photo_file,photo_url,place_id
Lola,prag_venue_photos/lola.jpg,https://lh3.googleusercontent.com/places/ANXAkqH3ZzT3DUtHoZzrurAekPHR4J8KinVE7YWBvxuiNVWbwVcmw035vVwePTwe3KJt9vafYapaSH7aD801jb1rpv82lgBJuy65vBw=s1600-w800,ChIJJ-BrCgCVC0cRBZNxcrhy93M
Bublina,prag_venue_photos/bublina.jpg,https://lh3.googleusercontent.com/gps-cs-s/AHVAweq8sBnFTQPoqrRsxw1q05EGpI4pGKl4I8yO-BnUnef-T9V7PKlkaoO-7Pv45Qi2py01XAkBIEF8HLxDhE_1Mx-kFO_tLJ9G4_eEfAptdyx7dnXjP2bEjiGgvvmutLPNoeyd7rdp2u_axn0=s1600-w800,ChIJdRBFdYWVC0cRTpG90E8VLqg
420 Restaurant,prag_venue_photos/420_restaurant.jpg,https://lh3.googleusercontent.com/gps-cs-s/AHVAweqPo9kGoVDZhqJqgL1k895TAO8ZFsMecG1UaxvYns3jT-GtlnMN4rPWh6dUPfkCWbIXTn5SxVz7teMLGIVHe1wjgrgzaWm0LrS03CGz6NLSSB-ufD68c0l5Xwt5w_wCXrpUUO_xSj5pKUiG=s1600-w800,ChIJk1eLxhuVC0cRj_OcjFRHcgY
Skô,prag_venue_photos/skô.jpg,https://lh3.googleusercontent.com/gps-cs-s/AHVAweqCAVsS-UU06QDEYWYwCZyKxCh7eBQA6tzmr8Ayv2_oMHkRBZ3pwuDB05VFUZaSPn10e4GHaWqVWiwr9u2xdBGBSHKu8Wx1djEKoy6bK_EmsHZv-G-ZpmAF3PDfUww55t01GHmUGewZ3mI9=s1600-w800,ChIJbTq0QwCVC0cR32QzIl0-Vnc
Nai,prag_venue_photos/nai.jpg,https://lh3.googleusercontent.com/places/ANXAkqGjbDeJhd3LT-L-6pn-KVYyDjNdEiixRliv_8xP0GjfhTdGoBFdIGCv3VB7PYnfxZ6tcJplZG4p3iPOjr42cnDXCaS8VGRHT5U=s1600-w800,ChIJu_reYRyVC0cRxttQ8SdxEnQ
Sandwich Rodeo,prag_venue_photos/sandwich_rodeo.jpg,https://lh3.googleusercontent.com/gps-cs-s/AHVAweqmyeq2VLF8Iq1GGZsqHtp-0aYwzXSI-TVNzCi1SzjSCdFdpl0zGQjXANSKYl9mE9dHHJR912lKz2ccPsvRJ0IoyV07dN-ddVorQBFOpGEqhc2xnRWunMHUYJeJmytb9hvKD6Sq=s1600-w800,ChIJPSjn5niVC0cRFO37aqB6jh4
Restaurant Talíř,prag_venue_photos/restaurant_talíř.jpg,https://lh3.googleusercontent.com/places/ANXAkqFqfoq3DYUUS4YUeAJHcn23CzKbciNgqugECbQlcMYdgIf0h1boswf8i0F5zeJdVLw1ANANRHzA3aDvznp7znNG6tFPH2YZuEg=s1600-w800,ChIJS0e6WDaVC0cRlryV_cSvDZs
La Bottega Linka,prag_venue_photos/la_bottega_linka.jpg,https://lh3.googleusercontent.com/gps-cs-s/AHVAweoFUjSyT9JtTJcS1igms1j98nTLBI2esJ2T2r8b8Z0C7R0oyWODY2CTcyR2alaw8962CHfcnZWxPMqpZ4rpPJDpwmLC6jdD0jBLrzqPA1ErQn9eVFKBCdpwwmkeYKYhUDoZaYIaauqeVjA=s1600-w800,ChIJRVNrRZWUC0cRM6LLQSJbLOk
Restaurant Zvonice,prag_venue_photos/restaurant_zvonice.jpg,https://lh3.googleusercontent.com/places/ANXAkqGWtRQUeI42E8LQl6xKlt2OyAbxlxfkvFHuZX7kPEKP2UhuxA9GiazHFShki47qwG_iE4ecQBpVqQ6zyUcEfBeO5cfhiWCOmkM=s1600-w800,ChIJmbWmIO2UC0cR_Gua9yvxWaw
Mlýnec,prag_venue_photos/mlýnec.jpg,https://lh3.googleusercontent.com/places/ANXAkqGoLgSBHSSejTeFu54UDYCQUfClIPL8GaZyBvob8i_8-S193uSRk1aKx1ry4t0gv0R6dYw3c1yil9tMnv9es8hUlPUdwPhyc5M=s1600-w800,ChIJq8Kqk-WUC0cR1qKYFrCBV84
Terasa U Zlaté Studně,prag_venue_photos/terasa_u_zlaté_studně.jpg,https://lh3.googleusercontent.com/places/ANXAkqHkDapv8SwRR24P7xxB9p0tQk11re60JhwUN0xY9KX7Zj4xomT9HtBjKqAdKMGkDSLSIne0ttXhYuJ_QKZvkoLjvCJHUJnp2UM=s1600-w800,ChIJqeymyuGUC0cRkyRSMgiUmSk
George Prime Steak,prag_venue_photos/george_prime_steak.jpg,https://lh3.googleusercontent.com/places/ANXAkqGo9wWzxcSUL9pv6LQwR71fukQHpoSfjS9Y41JbjV0vknrid53azdh0k4snWcuCPb8oYwPdUlXjrOCpZ_5dUXz470zLxnaumt8=s1600-w800,ChIJh7wXw-iUC0cRQSxnIPnD4gE
Mexická,prag_venue_photos/mexická.jpg,https://lh3.googleusercontent.com/gps-cs-s/AHVAwerlCIa2h8rriGmsmNWmOTukgbb7fx29gMzq5OB-w2EjBqBL9V8QpRoEB7GgJq3aMiRk-TS0NJYme0w9nHs38feP5_MP08EJpCFK6amiRp3csxcyikSUeETVPoDwaULcrvNkKdhI87bHWOw=s1600-w800,ChIJS0HCxSeVC0cRNcm30VMqdU4
Cernomorka,prag_venue_photos/cernomorka.jpg,https://lh3.googleusercontent.com/gps-cs-s/AHVAweoCE9xiHjFYYSFpOOH_rh0eAUkUd70XZnHkqMeHzojF9QCDgZnqVGrUEMhMhF-8SsQ9Q3YCU-hiPtD2UErmbjbSUEOTC1pMnBzXQZoGa6pW5pxLlUZcwJ_8nd6AV3mxfY0b_-ANkT9NB-sq=s1600-w800,ChIJp6d_-lqVC0cRC72nPPQIOO8
Finestrina,prag_venue_photos/finestrina.jpg,https://lh3.googleusercontent.com/places/ANXAkqGHesGBIwgMVWGYrW12GQqTuTPoavRvtEwNqBzbzU0AyawFAEyAFoZLcRI5VBrZEGqSVHcBIPmPLWq9ZPMFYzXMQzR1PxvWmus=s1600-w800,ChIJifApr-iUC0cR9M3cvF1QUdU
Centraal,prag_venue_photos/centraal.jpg,https://lh3.googleusercontent.com/gps-cs-s/AHVAwepv8ZLxkoM7HpRb5f1pnGVOopSI4o-ByF61A3cBzej-QjMbANHW-566GeIF9lytodHvG_Tp4rxRWnVQOpeZIsGNHe3-kOljT-gnf2fK9zOdnMc6rdPlVLh3r8GR6b4Jr_f5IYvz=s1600-w800,ChIJZxKvcACVC0cR-NpLUTo9dks
MIRU,prag_venue_photos/miru.jpg,https://lh3.googleusercontent.com/places/ANXAkqEoAG45GruHaUq3QOxuOrLAhixj7ZaWX0c69vBFDNXed8veVxlyaEm0BMepHONKg_49PzzbLNVh5-Zt4QjTgPpZka_r0cRph-A=s1600-w800,ChIJs6Eov_iVC0cR2GglHDkJ8kw
U Bansethů,prag_venue_photos/u_bansethů.jpg,https://lh3.googleusercontent.com/gps-cs-s/AHVAwer4I0adWF6AvQ9KozTcer3OcYmsbs5i35mYfKbSmqKO7gJ-vX-T96mC7VkjmX96k9MGaVbGtC5K4vO8xExWdK8fd-8Ji187ZYXyVQun6fWeIiao4bOKlyuyetiPTeCVS6rJ2JOI=s1600-w800,ChIJ1QmmVHmUC0cR8xfp1pW7S7s
Pivovar Bašta,prag_venue_photos/pivovar_bašta.jpg,https://lh3.googleusercontent.com/gps-cs-s/AHVAweqg-cG6UV9Np6P1MvzWfFoY1_SkxzL-cN9Xi3_rYtJnbzKxwDfRWlgkDfPSiHQva3vk-QLRivRcE64uXXWLZAlDJKUoEXr2YxXhraK1XCxow-WX4Qb8FKqxVZQArppBXBYhIOJSoiGJ6lNg=s1600-w800,ChIJyfOirH6UC0cRLwXLV721lxE
Automat Matuška,prag_venue_photos/automat_matuška.jpg,https://lh3.googleusercontent.com/places/ANXAkqEUCJwNwSHnFWE3UYclRlXV0DaIfRmnqOqtzodFt1M4Mo1HTPCI_v0wtkmDDPw1GvoV290fsLs892CNblJTEX9y59ALkCs-Kvs=s1600-w800,ChIJe2hcj4qVC0cRo2ZDviQOyYQ
Sibeeria Tap Room,prag_venue_photos/sibeeria_tap_room.jpg,https://lh3.googleusercontent.com/gps-cs-s/AHVAwerH9j2gX_oo0A15Z5VIwSWTLGht6R3He6gfMj_lBDGs79y3Qx76LRo7ObBsHq14kWfJSEFnwlIxxyJbATW1z-a9RhhRLOabmXVQv6hcukwb2zYhztkNh7vT5cHEzgHY1kmbMqA4JOmeT4MN=s1600-w800,ChIJoeJoOgCVC0cROU-x-DpFMMg
Nota Bene,,,
Pult,prag_venue_photos/pult.jpg,https://lh3.googleusercontent.com/places/ANXAkqGjEAkBmvkGIUiOsyEp9bu6evtecgEldR0Wc2E_XbrUSoz5OjtxKrE5Um4h0rE6rvfI3S_mm8umKH_aYdGWGS_Zrbv1KQLKqRM=s1600-w800,ChIJGQJYosCVC0cRtxtnp0jVlkk
Sedmej Schod,prag_venue_photos/sedmej_schod.jpg,https://lh3.googleusercontent.com/places/ANXAkqF1cZ8tALt6uC2b2X718NJyW5zu8v5kSXvCAFNar7VgUthXqzSVlZ2wKPtzEtqPLup8VkhYUtmwVjeyT6vAOEE4QGeCxACHvAg=s1600-w800,ChIJJcTSzx2VC0cR409IUZ7SK7U
Kulový Blesk,prag_venue_photos/kulový_blesk.jpg,https://lh3.googleusercontent.com/places/ANXAkqHFqrzjvR7hfRC2XrYyWc3mfcTfHzRkH57LeCX4AkTcP4Oubc4puu1PhvicvlxsuhU4r8KxeZzIH-NNMw71A5VK5fIxqasMXjE=s1600-w800,ChIJKTJ66YuUC0cRMB1FMIwoFdQ
The Tavern,prag_venue_photos/the_tavern.jpg,https://lh3.googleusercontent.com/places/ANXAkqHLzpFQ5RsRwxeoadPimsVLXnN66xdDdVuJ4EsTAAZUv5Z0-pMPcoLQ3QkDbjXpU2tXhEt9WY0AKB2xM7jLBp8AX8D6tTGF1G8=s1600-w800,ChIJIahrW5qUC0cRV6_XCwk_kwU
Pivovar Národní,prag_venue_photos/pivovar_národní.jpg,https://lh3.googleusercontent.com/places/ANXAkqFvXSUOwakc4ZMv7mtleCemYRkObFj7dEhR3IQfS2b7LF31pMg8-SmVETc_6GGxjnLstBmYHtE99ipsB0SSJTiI1G7E1QedyMs=s1600-w800,ChIJbVNRKfCUC0cRSRm72wi4ooM
Etapa,prag_venue_photos/etapa.jpg,https://lh3.googleusercontent.com/gps-cs-s/AHVAweovRWNaZYOta4eeEfoZvZrGDmHsmCzqe6kgS15BmuEWEAgnSmIQz3XrVcv2bHobLk-SGHXkAR7H17Z8v595bmNpptcTzSgFnAh2eo96oyYOb0_2XDHeJe19xkYSt0xGsPTZ8DHs=s1600-w800,ChIJpauOto2VC0cRT42rSr1l5JQ
Le Caveau Kavárna,prag_venue_photos/le_caveau_kavárna.jpg,https://lh3.googleusercontent.com/gps-cs-s/AHVAweoKfQD95SgXTKEqYvMjz7xodA1Vsq56_vhGu5_RoFZACSA5EI6bpfd3mj8mSlNSorLxT8AhaYFYeT3wdAxsmsw-rqgnVUBQbx4HCjRfPDKe3Yl_n-swiE0gUuXPLMNd0WmpjYa5=s1600-w800,ChIJ74Ua6pyUC0cRhDeTlGgLHtc
The Flat Café,prag_venue_photos/the_flat_café.jpg,https://lh3.googleusercontent.com/places/ANXAkqE-wWhlnwKChwPAQydUHS_A6h9ezLKvD9lY4BdFdWZEiscGo7_1egYmSVcWNoX1hTlXWhWaXSTmycR8DPsWoiiI904zd-783yc=s1600-w800,ChIJH6_cK9aTC0cR06_ExDBgCfY
Kavárna Tvoje Máma,prag_venue_photos/kavárna_tvoje_máma.jpg,https://lh3.googleusercontent.com/gps-cs-s/AHVAweoD02bh797dfbZAkD266MJFqqUBWu1c16wLVuXtle_ni0mNVwI-jFK_jOpuq5jiImeBdcK_8g3L-_psv7fUudBN6d0m1MGGdi32vhsa0tRY1q_fnHBupEv--Sb6JKfu1fBBmUk=s1600-w800,ChIJ06kmMnmTC0cR3EecGnGBuZA
Alma Café,prag_venue_photos/alma_café.jpg,https://lh3.googleusercontent.com/places/ANXAkqEi0cTcX4vRFFVKtvwgZdeYHFPaUzo4spGPr7tjYS1D9716GgeO4dJTY8gljmxKwPqTxYi8Jp47Bdy5YJtYH_kX35NgJ75FxVk=s1600-w800,ChIJyUyE1AGVC0cRYm23uQ301qY
Bistro Karel,prag_venue_photos/bistro_karel.jpg,https://lh3.googleusercontent.com/gps-cs-s/AHVAweqcCTcH1h86--K29Wf-uk3-Z8u-j1XcVT_Q5yDs1NhIEp9ysiwrLk_tctTdXbpfVXSI6hp76wMH5Rj8sD6SwZsFYbsILcfsfNqfXFDSqWAxTOEzfVw9HpAR5gD688oi_xBKaPED=s1600-w800,ChIJMztR11LrC0cReR9Y1W-_s9c
Veltlin,prag_venue_photos/veltlin.jpg,https://lh3.googleusercontent.com/places/ANXAkqF1N2lOlFbimHwNNHGBWNAtk2tV28m5pv0pvDadHR8gtFIkH7tswQRF9dNHOa3Q_9waVvEEYl35W4IHcr9a1RobAuMUKGhpCzY=s1600-w800,ChIJkcPmkKaUC0cRG2iBlyYDztA
Na Břehu Rhony,prag_venue_photos/na_břehu_rhony.jpg,https://lh3.googleusercontent.com/gps-cs-s/AHVAwer9D75N7aazVexefrjxIU-h0yXrxVy8WhzaV8iG02SQm-7fDpHhrsvikREDZ6rRBAQ0DNBW9t3GKRNSCRTomKfCsbzzXau2XCm0wmr3XznVQs7kgiP-LG0ymoDSvpSksg_m7YlX=s1600-w800,ChIJP_U14V6UC0cRWXBmuPya-6k
Noelka Wine Bar,prag_venue_photos/noelka_wine_bar.jpg,https://lh3.googleusercontent.com/gps-cs-s/AHVAweqJDmlV8LtwzaYYdhZ9uWuJEmVfl43XMN5Fkh_1E5YC21AFi7_Kn4dHsl_NxwGKlRU2KoqpJBnoz5cWhVdX4LdW_iuVxJ-J9XOnQ-tRRwdeuLDq36V9Pc_etr4okGbXuj9gKjG7jc1Oh7w4=s1600-w800,ChIJ4_Hxo5yUC0cRRZ1PJY1onvM
Koštovna u Počtů,prag_venue_photos/koštovna_u_počtů.jpg,https://lh3.googleusercontent.com/places/ANXAkqGRxv8RmVt1k6FSJTdchQHuY5CMmvBY9Al4PtaGUoHPwNcGmxWp_Sk-x48Ke_D64A2QMz3KW0gfj_1Uv2RApkcVbPJPzTptgbk=s1600-w800,ChIJd-nDvcWUC0cRHk_CZNYMnds
Šenkovna Fine Wine Pub,prag_venue_photos/šenkovna_fine_wine_pub.jpg,https://lh3.googleusercontent.com/places/ANXAkqHvX6gdbyGvrD5VRKrqlWt45vjoFXNHjlefJ0JNSeJk9Hit2YJgQVHd9qWnwxkPO_IoJglqhSHDm2rDS245SWEbWAdogN1iZDo=s1600-w800,ChIJD-euQ4yUC0cRHOItFLyp2Gw
Přátelé Wine Friends,prag_venue_photos/přátelé_wine_friends.jpg,https://lh3.googleusercontent.com/places/ANXAkqGrmoehfyttXXcZ88OAojzOWeyg4Kg9C5ZS4v0oY6t7j026qPUC5cPsZeISrQRYakh9VcBeu_rN8HpLb9sVx27PW6xP4B0xWIM=s1600-w800,ChIJr6dN0Y6UC0cRjCanx8kcu0c
Vinárna U Sudu,prag_venue_photos/vinárna_u_sudu.jpg,https://lh3.googleusercontent.com/gps-cs-s/AHVAwepD90lCjb43DtSfH5UyQc-Cr4JnridcK_kySZvqx6Fkx8ah0DuJ-byes2gtKSDOY-WbiMB7edZwkA5sogn8bNPaIJI-uMfK1iPxifuZl6mr2iK1YqTDTaMIUXsW_D31I7P4JPw=s1600-w800,ChIJB2XzV_KUC0cR2XDxkOqS2IE
U Glaubiců,prag_venue_photos/u_glaubiců.jpg,https://lh3.googleusercontent.com/gps-cs-s/AHVAweq-mHH7cRPY8kM3jgS7YiFZSuUBqri7VAl2HJgYLCSfsHGBYgjbCjHff7gbQ9kLrOjTeAeBE40VHzH0mCU6NXgY0syZUiClbE_2-1Ze5Uxw1Vob6tSe_4l_kvso3uf-KI1he39OxQ=s1600-w800,ChIJXXFEO-KUC0cRXxm7CSQYrzM
Krcma,prag_venue_photos/krcma.jpg,https://lh3.googleusercontent.com/gps-cs-s/AHVAweodVZCQssyGZN4oT3CKzM9YKU9fACrXJVJsuMCmlBavgrlxYwAtSZf0M503rhEBD-N0qnEeJ5H_n98v6Wcn26Bmlu7VjHeycVbDgUWNntl4EBAfQA2nllTRtvdN2CyyDWunLT7kdTKwh1wV=s1600-w800,ChIJpUHzqumUC0cRE2Gm7-vGt4Q
Malostranská Beseda,prag_venue_photos/malostranská_beseda.jpg,https://lh3.googleusercontent.com/places/ANXAkqGMnCQOmjknwAkbH2P7bXv4QA7hFJcPrQeOGxHSnpXdkZDZYxHOi3ENXM1FhOC3cyMjST-S4TCJyNc4cAN7RDt0WqMMFx0oYY4=s1600-w800,ChIJkWuzgOGUC0cRnryHOB3_f3M
Pork's,prag_venue_photos/porks.jpg,https://lh3.googleusercontent.com/places/ANXAkqEng4qUTO7CO7uT-Ny1J5IwKmJH3wCFGXyZ5o23S9V62wOaGootLCHW_ENyIMZawIVyfhJ2fpPwDqUOI9R2RPaNnSwUFiAfRj4=s1600-w800,ChIJoV6PlgGVC0cR9H6ZwQWrJJQ
Výčep,prag_venue_photos/výčep.jpg,https://lh3.googleusercontent.com/places/ANXAkqFcy92yTlE335ttuMuy4m6B_GRH5fiJ8E3Uli1csu2mHRMGHOyTJ32PbEU4w3o8uM-mM83OXUT1GYme12aLhBTMcU8EpukaFQ=s1600-w800,ChIJKyH5iTGTC0cRCpMY5gut7n0
Tiskárna Národní,prag_venue_photos/tiskárna_národní.jpg,https://lh3.googleusercontent.com/places/ANXAkqEZ2Htn1mJjAxr3HCqs_BdPxmFgzL7Z1kPKL1z0gRSekM2itiSTqChagJ7h1bqu_TXiFH82TnSqviIsHLVYddy_azuypS8BKA=s1600-w800,ChIJ4UTi2e2UC0cRAYBdr-IIadg
Pivní Přístav,prag_venue_photos/pivní_přístav.jpg,https://lh3.googleusercontent.com/places/ANXAkqHgO5d9yImMmwZwxt0XP3BFl4gHMHNXSJZ652nhO-NRaG5vEUN74P00VyOyBMRgMzqXMBC8nP2kpTIdIBNpFWG3ULRK4vUp5XY=s1600-w800,ChIJtQrjYPaUC0cRQ-7qpl8yDOg
El Camino Tapas,prag_venue_photos/el_camino_tapas.jpg,https://lh3.googleusercontent.com/places/ANXAkqG6oCN2I3nKwMoD6qKL0A8Wih_4QiQlBK6G3qHuydNsPx_Ct5KXKOz-dX9-8_ruUd2Gyd81oVSQeUsWUEaesxGhT7Vu4pMvViM=s1600-w800,ChIJo8uTYo-VC0cRXJFgzt-rASQ
Porke Tapas,prag_venue_photos/porke_tapas.jpg,https://lh3.googleusercontent.com/places/ANXAkqGSMiKIzhrlsNdcwqAJ2moLxcq-cV58L8sb8WE7myYLEARu2usSNnEtKzyaTjWfRVLHWv-pIfZxzemfJpjhnYbmXwX8hUiyqQM=s1600-w800,ChIJ1Q2GLiaVC0cRDSnhztWB62g
